{
	"partitions" : [
		{
			"name" : "Top",
			"pins" : [
				{
					"name" : "LD2",
					"strict" : false
				},
				{
					"name" : "LD1",
					"strict" : false
				},
				{
					"name" : "LD0",
					"strict" : false
				},
				{
					"name" : "LD9",
					"strict" : false
				},
				{
					"name" : "LD8",
					"strict" : false
				},
				{
					"name" : "LD7",
					"strict" : false
				},
				{
					"name" : "Seg_a",
					"strict" : false
				},
				{
					"name" : "Seg_b",
					"strict" : false
				},
				{
					"name" : "Seg_c",
					"strict" : false
				},
				{
					"name" : "Seg_d",
					"strict" : false
				},
				{
					"name" : "Seg_e",
					"strict" : false
				},
				{
					"name" : "Seg_f",
					"strict" : false
				},
				{
					"name" : "Seg_g",
					"strict" : false
				},
				{
					"name" : "SW9",
					"strict" : false
				},
				{
					"name" : "KEY1",
					"strict" : false
				},
				{
					"name" : "KEY0",
					"strict" : false
				}
			]
		}
	]
}