{
	"partitions" : [
		{
			"name" : "Top",
			"pins" : [
				{
					"name" : "H1SA",
					"strict" : false
				},
				{
					"name" : "LD6",
					"strict" : false
				},
				{
					"name" : "LD7",
					"strict" : false
				},
				{
					"name" : "LD8",
					"strict" : false
				},
				{
					"name" : "LD9",
					"strict" : false
				},
				{
					"name" : "H1SB",
					"strict" : false
				},
				{
					"name" : "H1SC",
					"strict" : false
				},
				{
					"name" : "H1SD",
					"strict" : false
				},
				{
					"name" : "H1SE",
					"strict" : false
				},
				{
					"name" : "H1SF",
					"strict" : false
				},
				{
					"name" : "H1SG",
					"strict" : false
				},
				{
					"name" : "H0SA",
					"strict" : false
				},
				{
					"name" : "H0SB",
					"strict" : false
				},
				{
					"name" : "H0SC",
					"strict" : false
				},
				{
					"name" : "H0SD",
					"strict" : false
				},
				{
					"name" : "H0SE",
					"strict" : false
				},
				{
					"name" : "H0SF",
					"strict" : false
				},
				{
					"name" : "H0SG",
					"strict" : false
				},
				{
					"name" : "S2",
					"strict" : false
				},
				{
					"name" : "S0",
					"strict" : false
				},
				{
					"name" : "S1",
					"strict" : false
				}
			]
		}
	]
}