{
	"system" : {
		"platform" : "windows64",
		"os_name" : "Windows 10",
		"os_version" : "10.0"
	},
	"error" : {
		"executable" : "quartus",
		"comment" : "not_applicable",
		"error_message" : "Access Violation at 0X00007FF90CBB99A1",
		"source_file" : "unknown",
		"line" : "0",
		"stack_trace" : "\t0x7ff90cbb99a0: edt_wedtq + 0x499a0 (?rearrange_rows@WEDTQ_NODE_VIEW@@QEAAXHV?$QList@H@@@Z + 0x460)\n\t0x7ff90cbdf3e2: edt_wedtq + 0x6f3e2 (?execute@WEDTQ_GROUP_COMMAND@@UEAA_NXZ + 0x2a2)\n\t0x7ff90cbb760b: edt_wedtq + 0x4760b (?group_nodes@WEDTQ_NODE_VIEW@@QEAAXXZ + 0x6b)\n\t 0x672ac420: QtCore4 + 0x11c420 (?activate@QMetaObject@@SAXPEAVQObject@@PEBU1@HPEAPEAX@Z + 0x520)\n\t 0x667fa23f: QtGui4 + 0xa23f (?activate@QAction@@QEAAXW4ActionEvent@1@@Z + 0xdf)\n\t 0x66ba5c03: QtGui4 + 0x3b5c03 (?actionGeometry@QMenu@@QEBA?AVQRect@@PEAVQAction@@@Z + 0x443)\n\t 0x66ba5a95: QtGui4 + 0x3b5a95 (?actionGeometry@QMenu@@QEBA?AVQRect@@PEAVQAction@@@Z + 0x2d5)\n\t 0x66850794: QtGui4 + 0x60794 (?event@QWidget@@MEAA_NPEAVQEvent@@@Z + 0xd4)\n\t 0x66ba6934: QtGui4 + 0x3b6934 (?event@QMenu@@MEAA_NPEAVQEvent@@@Z + 0x284)\n\t 0x66812e95: QtGui4 + 0x22e95 (?notify_helper@QApplicationPrivate@@QEAA_NPEAVQObject@@PEAVQEvent@@@Z + 0xf5)\n\t 0x66811a8e: QtGui4 + 0x21a8e (?notify@QApplication@@UEAA_NPEAVQObject@@PEAVQEvent@@@Z + 0x71e)\n\t 0x6729d92b: QtCore4 + 0x10d92b (?notifyInternal@QCoreApplication@@AEAA_NPEAVQObject@@PEAVQEvent@@@Z + 0x7b)\n\t 0x66815cfe: QtGui4 + 0x25cfe (?sendMouseEvent@QApplicationPrivate@@SA_NPEAVQWidget@@PEAVQMouseEvent@@00PEAPEAV2@AEAV?$QPointer@VQWidget@@@@_N@Z + 0x1de)\n\t 0x66875366: QtGui4 + 0x85366 (?trUtf8@QScrollBar@@SA?AVQString@@PEBD0H@Z + 0x10b6)\n\t 0x668790b1: QtGui4 + 0x890b1 (?winMouseButtonUp@QApplication@@SAXXZ + 0x2761)\n\t0x7ff9c85789a0: USER32 + 0x189a0 (DispatchMessageW + 0x740)\n\t0x7ff9c8578460: USER32 + 0x18460 (DispatchMessageW + 0x200)\n\t 0x672c2802: QtCore4 + 0x132802 (?processEvents@QEventDispatcherWin32@@UEAA_NV?$QFlags@W4ProcessEventsFlag@QEventLoop@@@@@Z + 0x3e2)\n\t 0x66870eb4: QtGui4 + 0x80eb4 (?openPopup@QApplicationPrivate@@QEAAXPEAVQWidget@@@Z + 0x204)\n\t 0x6729a88b: QtCore4 + 0x10a88b (?exec@QEventLoop@@QEAAHV?$QFlags@W4ProcessEventsFlag@QEventLoop@@@@@Z + 0x22b)\n\t 0x66ba6a56: QtGui4 + 0x3b6a56 (?exec@QMenu@@QEAAPEAVQAction@@AEBVQPoint@@PEAV2@@Z + 0x76)\n\t0x7ff90cbb5964: edt_wedtq + 0x45964 (?contextMenuEvent@WEDTQ_NODE_VIEW@@MEAAXPEAVQContextMenuEvent@@@Z + 0x274)\n\t 0x66850c7e: QtGui4 + 0x60c7e (?event@QWidget@@MEAA_NPEAVQEvent@@@Z + 0x5be)\n\t 0x66b72676: QtGui4 + 0x382676 (?event@QFrame@@MEAA_NPEAVQEvent@@@Z + 0x36)\n\t 0x66c6552c: QtGui4 + 0x47552c (?viewportEvent@QAbstractItemView@@MEAA_NPEAVQEvent@@@Z + 0x4ac)\n\t0x7ff93efc17c6: GCL_AFCQ + 0xc17c6 (?viewportEvent@AFCQ_TREE_VIEW@@MEAA_NPEAVQEvent@@@Z + 0x2b6)\n\t 0x6729f802: QtCore4 + 0x10f802 (?sendThroughObjectEventFilters@QCoreApplicationPrivate@@QEAA_NPEAVQObject@@PEAVQEvent@@@Z + 0x82)\n\t 0x66812e81: QtGui4 + 0x22e81 (?notify_helper@QApplicationPrivate@@QEAA_NPEAVQObject@@PEAVQEvent@@@Z + 0xe1)\n\t 0x66811e36: QtGui4 + 0x21e36 (?notify@QApplication@@UEAA_NPEAVQObject@@PEAVQEvent@@@Z + 0xac6)\n\t 0x6729d92b: QtCore4 + 0x10d92b (?notifyInternal@QCoreApplication@@AEAA_NPEAVQObject@@PEAVQEvent@@@Z + 0x7b)\n\t 0x6687574f: QtGui4 + 0x8574f (?trUtf8@QScrollBar@@SA?AVQString@@PEBD0H@Z + 0x149f)\n\t 0x668790b1: QtGui4 + 0x890b1 (?winMouseButtonUp@QApplication@@SAXXZ + 0x2761)\n\t0x7ff9c85789a0: USER32 + 0x189a0 (DispatchMessageW + 0x740)\n\t0x7ff9c8578460: USER32 + 0x18460 (DispatchMessageW + 0x200)\n\t 0x672c2802: QtCore4 + 0x132802 (?processEvents@QEventDispatcherWin32@@UEAA_NV?$QFlags@W4ProcessEventsFlag@QEventLoop@@@@@Z + 0x3e2)\n\t 0x66870eb4: QtGui4 + 0x80eb4 (?openPopup@QApplicationPrivate@@QEAAXPEAVQWidget@@@Z + 0x204)\n\t 0x6729a88b: QtCore4 + 0x10a88b (?exec@QEventLoop@@QEAAHV?$QFlags@W4ProcessEventsFlag@QEventLoop@@@@@Z + 0x22b)\n\t 0x6729ce6f: QtCore4 + 0x10ce6f (?exec@QCoreApplication@@SAHXZ + 0xdf)\n\t0x7ff62c45197b: quartus + 0x197b (?qgq_main@@YAHHPEAPEBD@Z + 0x7b)\n\t0x7ff9b2473328: CCL_MSG + 0x13328 (?msg_main_thread@@YAPEAXPEAX@Z + 0x18)\n\t0x7ff9b2474b0e: CCL_MSG + 0x14b0e (?msg_thread_wrapper@@YAPEAXP6APEAXPEAX@Z0@Z + 0x6e)\n\t0x7ff9b2445b00: ccl_mem + 0x15b00 (?mem_thread_wrapper@@YAPEAXP6APEAXPEAX@Z0@Z + 0x70)\n\t0x7ff9b2472a11: CCL_MSG + 0x12a11 (?msg_exe_main@@YAHHPEAPEBDP6AHH0@Z@Z + 0xa1)\n\t0x7ff62c4524e7: quartus + 0x24e7 (WinMain + 0x127)\n\t0x7ff62c451e58: quartus + 0x1e58 (__tmainCRTStartup + 0x148)\n\t0x7ff9c9a4257c: KERNEL32 + 0x1257c (BaseThreadInitThunk + 0x1c)\n\t0x7ff9ca54af27: ntdll + 0x5af27 (RtlUserThreadStart + 0x27)\n",
		"subsystem" : "unknown"
	},
	"quartus" : {
		"quartus_bits" : "64",
		"version" : "16.1.0",
		"build" : "196",
		"edition" : "Lite Edition"
	}
}